-- 轻语平台种子数据
-- 所有用户密码均为 123456

-- ============ 清空并重置 ============
SET FOREIGN_KEY_CHECKS = 0;
TRUNCATE TABLE notifications;
TRUNCATE TABLE likes;
TRUNCATE TABLE comments;
TRUNCATE TABLE post_topics;
TRUNCATE TABLE posts;
TRUNCATE TABLE topics;
TRUNCATE TABLE users;
SET FOREIGN_KEY_CHECKS = 1;

-- ============ 用户数据 (id: 1-15) ============
INSERT INTO users (id, username, password, nickname, avatar, bio, role, status, created_at) VALUES
(1, 'xiaoming', '8d969eef6ecad3c29a3a629280e686cf0c3f5d5a86aff3ca12020c923adc6c92', '小明同学', NULL, '热爱生活的大学生一枚', 'admin', 'active', '2026-04-20 08:30:00'),
(2, 'linhui', '8d969eef6ecad3c29a3a629280e686cf0c3f5d5a86aff3ca12020c923adc6c92', '林小慧', NULL, '文字是心灵的窗户', 'user', 'active', '2026-04-20 09:15:00'),
(3, 'coder_wang', '8d969eef6ecad3c29a3a629280e686cf0c3f5d5a86aff3ca12020c923adc6c92', '王码农', NULL, 'Bug是生活的调味品 | Java/Vue', 'user', 'active', '2026-04-21 10:00:00'),
(4, 'foodie_chen', '8d969eef6ecad3c29a3a629280e686cf0c3f5d5a86aff3ca12020c923adc6c92', '吃货小陈', NULL, '人生苦短，及时行乐（吃）', 'user', 'active', '2026-04-21 14:20:00'),
(5, 'travel_zhao', '8d969eef6ecad3c29a3a629280e686cf0c3f5d5a86aff3ca12020c923adc6c92', '赵旅行', NULL, '世界那么大，我想去看看', 'user', 'active', '2026-04-22 07:45:00'),
(6, 'music_li', '8d969eef6ecad3c29a3a629280e686cf0c3f5d5a86aff3ca12020c923adc6c92', '李乐迷', NULL, '耳机是我的结界', 'user', 'active', '2026-04-22 16:30:00'),
(7, 'bookworm', '8d969eef6ecad3c29a3a629280e686cf0c3f5d5a86aff3ca12020c923adc6c92', '书虫阿杰', NULL, '一日不读书，面目可憎', 'user', 'active', '2026-04-23 09:00:00'),
(8, 'sunny_zhou', '8d969eef6ecad3c29a3a629280e686cf0c3f5d5a86aff3ca12020c923adc6c92', '周小晴', NULL, '每天都要开开心心的呀', 'user', 'active', '2026-04-23 11:20:00'),
(9, 'photographer', '8d969eef6ecad3c29a3a629280e686cf0c3f5d5a86aff3ca12020c923adc6c92', '摄影师老孙', NULL, '用镜头记录世界', 'user', 'active', '2026-04-24 08:10:00'),
(10, 'fitness_liu', '8d969eef6ecad3c29a3a629280e686cf0c3f5d5a86aff3ca12020c923adc6c92', '刘教练', NULL, '自律给我自由 | 健身达人', 'user', 'active', '2026-04-24 06:00:00'),
(11, 'cat_lover', '8d969eef6ecad3c29a3a629280e686cf0c3f5d5a86aff3ca12020c923adc6c92', '猫奴小吴', NULL, '有猫万事足', 'user', 'active', '2026-04-25 13:40:00'),
(12, 'gamer_xu', '8d969eef6ecad3c29a3a629280e686cf0c3f5d5a86aff3ca12020c923adc6c92', '徐大神', NULL, '今晚吃鸡，大吉大利', 'user', 'active', '2026-04-25 20:00:00'),
(13, 'artist_qian', '8d969eef6ecad3c29a3a629280e686cf0c3f5d5a86aff3ca12020c923adc6c92', '钱小画', NULL, '画画使我快乐', 'user', 'active', '2026-04-26 10:30:00'),
(14, 'tea_master', '8d969eef6ecad3c29a3a629280e686cf0c3f5d5a86aff3ca12020c923adc6c92', '茶道人生', NULL, '一盏清茶，半日浮生', 'user', 'active', '2026-04-26 15:00:00'),
(15, 'night_owl', '8d969eef6ecad3c29a3a629280e686cf0c3f5d5a86aff3ca12020c923adc6c92', '夜猫子阿飞', NULL, '凌晨三点的城市最温柔', 'user', 'active', '2026-04-27 02:30:00');

-- ============ 话题数据 (id: 1-10) ============
INSERT INTO topics (id, name, post_count, created_at) VALUES
(1, '校园生活', 0, '2026-04-20 10:00:00'),
(2, '今日份快乐', 0, '2026-04-20 10:00:00'),
(3, '深夜食堂', 0, '2026-04-21 23:00:00'),
(4, '程序员日常', 0, '2026-04-21 10:00:00'),
(5, '旅行日记', 0, '2026-04-22 08:00:00'),
(6, '读书笔记', 0, '2026-04-23 09:00:00'),
(7, '健身打卡', 0, '2026-04-24 06:00:00'),
(8, '萌宠日常', 0, '2026-04-25 14:00:00'),
(9, '音乐分享', 0, '2026-04-22 17:00:00'),
(10, '晚安心语', 0, '2026-04-20 23:00:00');

-- ============ 帖子数据 (id: 1-40) ============
INSERT INTO posts (id, user_id, content, images, like_count, comment_count, created_at) VALUES
(1, 1, '开学第一天就迟到了，教学楼的楼梯怎么这么多啊😭 #校园生活# 不过新学期新气象，加油吧！', '["/api/placeholder/800x600?seed=1&text=校园"]', 0, 0, '2026-04-28 08:45:00'),
(2, 2, '春天的校园真的好美，樱花开了一整条路🌸 坐在树下看书，风一吹花瓣落在书页上，这大概就是岁月静好吧 #校园生活# #今日份快乐#', '["/api/placeholder/800x600?seed=2&text=樱花","/api/placeholder/800x600?seed=3&text=春天"]', 0, 0, '2026-04-28 10:20:00'),
(3, 3, '今天写了一个Bug，找了三个小时才发现是少写了一个分号... #程序员日常# 我恨JavaScript', '["/api/placeholder/800x600?seed=4&text=代码"]', 0, 0, '2026-04-28 15:30:00'),
(4, 4, '下课后去学校后街发现了一家新开的螺蛳粉店，汤底超级浓郁！配上炸蛋和腐竹简直绝了🤤 #深夜食堂# 明天还要去', '["/api/placeholder/800x600?seed=5&text=美食"]', 0, 0, '2026-04-28 18:40:00'),
(5, 5, '周末去了趟西塘古镇，烟雨朦胧的感觉太有意境了。清晨的古镇没什么游客，石板路上只有自己的脚步声 #旅行日记#', '["/api/placeholder/800x600?seed=6&text=古镇","/api/placeholder/800x600?seed=7&text=旅行"]', 0, 0, '2026-04-29 09:00:00'),
(6, 6, '单曲循环了一整天的《晚风》，有些歌就是能让人安静下来。戴上耳机，世界与我无关 #音乐分享# #晚安心语#', '["/api/placeholder/800x600?seed=8&text=音乐"]', 0, 0, '2026-04-29 22:10:00'),
(7, 7, '读完了《百年孤独》，马尔克斯的魔幻现实主义真的太震撼了。那句"多年以后"的开头，是我见过最好的小说开篇 #读书笔记#', '["/api/placeholder/800x600?seed=9&text=读书"]', 0, 0, '2026-04-29 14:30:00'),
(8, 8, '今天天气超好！和室友去操场放风筝了🪁 虽然风筝最后挂树上了哈哈哈 但是真的好开心 #今日份快乐# #校园生活#', '["/api/placeholder/800x600?seed=10&text=风筝"]', 0, 0, '2026-04-30 16:00:00'),
(9, 9, '日落时分的天空，每一秒都是不同的画。今天的晚霞是橘粉色的，像打翻了的调色盘🌅', '["/api/placeholder/800x600?seed=11&text=晚霞","/api/placeholder/800x600?seed=12&text=日落"]', 0, 0, '2026-04-30 18:30:00'),
(10, 10, '晨跑5公里打卡✅ 坚持第30天了！从一开始跑800米就喘，到现在轻松5K，真的是肉眼可见的进步 #健身打卡# 自律真的会上瘾', '["/api/placeholder/800x600?seed=13&text=跑步"]', 0, 0, '2026-05-01 06:30:00'),
(11, 11, '我家橘猫又偷吃了！趁我不注意把桌上的鸡腿叼走了🐱 看它那个无辜的小眼神我真的没法生气 #萌宠日常#', '["/api/placeholder/800x600?seed=14&text=橘猫","/api/placeholder/800x600?seed=15&text=猫咪"]', 0, 0, '2026-05-01 12:00:00'),
(12, 12, '通宵打了一把排位，终于上王者了！！！激动得室友都被我吵醒了哈哈哈 对不起兄弟们🎮 #今日份快乐#', '["/api/placeholder/800x600?seed=16&text=游戏"]', 0, 0, '2026-05-01 03:20:00'),
(13, 13, '今天画了一幅水彩小画，画的是窗外的那棵老银杏树。颜料在水里晕开的感觉真的很治愈🎨 #今日份快乐#', '["/api/placeholder/800x600?seed=17&text=水彩"]', 0, 0, '2026-05-01 15:40:00'),
(14, 14, '泡了一壶今年的新茶，明前龙井果然名不虚传。茶汤清澈，入口回甘，春天的味道就在这一杯里了🍵 #晚安心语#', '["/api/placeholder/800x600?seed=18&text=茶"]', 0, 0, '2026-05-01 21:00:00'),
(15, 15, '凌晨两点的便利店，只有我和店员。买了一杯热咖啡坐在窗边，看着偶尔经过的出租车。这个城市的夜晚其实很温柔 #晚安心语# #深夜食堂#', '["/api/placeholder/800x600?seed=19&text=深夜"]', 0, 0, '2026-05-01 02:00:00');

INSERT INTO posts (id, user_id, content, images, like_count, comment_count, created_at) VALUES
(16, 1, '图书馆占座大战又开始了😂 早上七点去已经没位置了，最后在角落找了个插座位，也算是赢了 #校园生活#', '["/api/placeholder/800x600?seed=20&text=图书馆"]', 0, 0, '2026-05-02 07:30:00'),
(17, 2, '写了一首小诗：\n\n城市的霓虹太亮\n遮住了星星的光\n但我知道它们一直都在\n就像远方的你\n\n#晚安心语#', '["/api/placeholder/800x600?seed=21&text=星空"]', 0, 0, '2026-05-02 23:15:00'),
(18, 3, '终于把那个困扰了一周的并发问题解决了！原来是数据库连接池配置的问题。记录一下：HikariCP的maximumPoolSize不要设太小 #程序员日常#', '["/api/placeholder/800x600?seed=22&text=编程"]', 0, 0, '2026-05-02 17:20:00'),
(19, 4, '今天尝试自己做了日式拉面🍜 叉烧煮了三个小时，溏心蛋腌了一晚上，汤底熬了整整一个下午。成果：好吃到哭！ #深夜食堂#', '["/api/placeholder/800x600?seed=23&text=拉面","/api/placeholder/800x600?seed=24&text=料理"]', 0, 0, '2026-05-02 19:30:00'),
(20, 5, '分享一个小众旅行地：福建平潭岛的蓝眼泪🌊 晚上海边的荧光蓝真的太梦幻了，像是走进了《少年派》的电影画面 #旅行日记#', '["/api/placeholder/800x600?seed=25&text=海边","/api/placeholder/800x600?seed=26&text=蓝眼泪"]', 0, 0, '2026-05-03 10:00:00'),
(21, 6, '推荐一张专辑：坂本龙一的《async》。适合深夜一个人听，每个音符都像是在和寂静对话 #音乐分享#', '["/api/placeholder/800x600?seed=27&text=专辑"]', 0, 0, '2026-05-03 23:30:00'),
(22, 7, '最近在读《人类简史》，赫拉利的视角真的很独特。他说人类之所以能统治世界，是因为我们能相信虚构的故事。细想确实如此 #读书笔记#', '["/api/placeholder/800x600?seed=28&text=人类简史"]', 0, 0, '2026-05-03 16:00:00'),
(23, 8, '食堂阿姨今天给我多打了一个鸡腿！！是因为我每次都对她笑吗哈哈哈 小确幸 #今日份快乐# #校园生活#', NULL, 0, 0, '2026-05-03 12:10:00'),
(24, 9, '雨后的城市，地面倒映着霓虹灯的光。最喜欢这种湿漉漉的街道，每一步都像踩在画里 #旅行日记#', '["/api/placeholder/800x600?seed=29&text=雨夜","/api/placeholder/800x600?seed=30&text=霓虹"]', 0, 0, '2026-05-04 19:45:00'),
(25, 10, '今天尝试了新的训练计划：上肢力量+核心。引体向上从3个进步到8个了💪 #健身打卡# 没有什么是坚持解决不了的', '["/api/placeholder/800x600?seed=31&text=健身"]', 0, 0, '2026-05-04 07:00:00'),
(26, 11, '给猫主子买了个新玩具，结果它只对包装盒感兴趣😂 花了我88块钱的逗猫棒被无视了 #萌宠日常#', '["/api/placeholder/800x600?seed=32&text=猫咪","/api/placeholder/800x600?seed=33&text=萌宠"]', 0, 0, '2026-05-04 14:20:00'),
(27, 12, '和队友打了一下午的比赛，虽然输了但是配合越来越默契了。游戏最快乐的不是赢，是和朋友一起的时光 #今日份快乐#', NULL, 0, 0, '2026-05-04 22:00:00'),
(28, 13, '去美术馆看了莫奈的展，站在《睡莲》前面整整看了半小时。那种光影的变化，照片完全拍不出来 #今日份快乐#', '["/api/placeholder/800x600?seed=34&text=美术馆"]', 0, 0, '2026-05-04 16:30:00'),
(29, 14, '雨天适合泡茶读书。今天选了白茶配《浮生六记》，沈复和芸娘的故事读了好多遍还是会感动 #读书笔记# #晚安心语#', '["/api/placeholder/800x600?seed=35&text=茶与书"]', 0, 0, '2026-05-04 20:30:00'),
(30, 15, '深夜写代码的时候突然想吃泡面，于是煮了一包加了鸡蛋和火腿肠。凌晨的泡面为什么格外好吃呢 #深夜食堂# #程序员日常#', '["/api/placeholder/800x600?seed=36&text=泡面"]', 0, 0, '2026-05-05 01:30:00');

INSERT INTO posts (id, user_id, content, images, like_count, comment_count, created_at) VALUES
(31, 1, '期中考试终于结束了！！感觉整个人都轻松了，今晚要好好犒劳一下自己🎉 #校园生活# #今日份快乐#', NULL, 0, 0, '2026-05-05 17:00:00'),
(32, 2, '傍晚在湖边散步，看到一对老夫妻手牵手走在前面。突然觉得，这大概就是爱情最好的样子吧 #晚安心语#', '["/api/placeholder/800x600?seed=37&text=湖边"]', 0, 0, '2026-05-05 18:30:00'),
(33, 3, '分享一个VS Code插件：Error Lens，可以直接在代码行内显示错误信息，再也不用盯着底部面板了 #程序员日常# 效率提升100%', '["/api/placeholder/800x600?seed=38&text=VSCode"]', 0, 0, '2026-05-05 11:00:00'),
(34, 4, '周末去了趟菜市场，买了新鲜的基围虾和蛤蜊，打算做个海鲜意面🦐 生活嘛，就是要对自己好一点 #深夜食堂#', '["/api/placeholder/800x600?seed=39&text=海鲜"]', 0, 0, '2026-05-06 10:30:00'),
(35, 5, '整理了一下去年旅行的照片，从大理到丽江到香格里拉，每一张都是回忆。今年的目标是去一趟西藏🏔️ #旅行日记#', '["/api/placeholder/800x600?seed=40&text=大理","/api/placeholder/800x600?seed=41&text=丽江","/api/placeholder/800x600?seed=42&text=香格里拉"]', 0, 0, '2026-05-06 15:00:00'),
(36, 10, '今天带了几个新手朋友来健身房，看他们第一次举铁的样子太可爱了哈哈。每个人都是从零开始的 #健身打卡# 加油💪', '["/api/placeholder/800x600?seed=43&text=举铁"]', 0, 0, '2026-05-06 18:00:00'),
(37, 11, '猫咪今天居然主动跳到我腿上睡觉了！！平时都是高冷女王范的，今天突然这么黏人，感动哭了🥺 #萌宠日常#', '["/api/placeholder/800x600?seed=44&text=猫咪"]', 0, 0, '2026-05-06 21:00:00'),
(38, 6, '今天在街头听到一个流浪歌手唱《成都》，嗓音沙哑但是特别有味道。给他留了20块钱，他对我笑了笑 #音乐分享# #今日份快乐#', '["/api/placeholder/800x600?seed=45&text=街头音乐"]', 0, 0, '2026-05-06 20:15:00'),
(39, 7, '推荐一本小书：《小王子》。虽然是童话，但每次重读都有新的感悟。"真正重要的东西，用眼睛是看不见的" #读书笔记#', '["/api/placeholder/800x600?seed=46&text=小王子"]', 0, 0, '2026-05-07 09:00:00'),
(40, 8, '毕业季快到了，今天和室友们拍了一组搞怪毕业照😂 四年时光真的好快，舍不得你们啊 #校园生活# #今日份快乐#', '["/api/placeholder/800x600?seed=47&text=毕业","/api/placeholder/800x600?seed=48&text=青春"]', 0, 0, '2026-05-07 11:30:00');

-- ============ 评论数据 ============
INSERT INTO comments (post_id, user_id, content, created_at) VALUES
(1, 2, '哈哈哈我也迟到了！新教学楼真的绕晕人', '2026-04-28 09:00:00'),
(1, 8, '开学第一天的传统艺能了属于是😂', '2026-04-28 09:15:00'),
(1, 3, '至少你去了，我直接睡过头了...', '2026-04-28 09:30:00'),
(1, 11, '新学期一起加油呀！', '2026-04-28 10:00:00'),
(2, 1, '在哪里拍的！我也想去看樱花', '2026-04-28 10:30:00'),
(2, 8, '好美啊！明天约着一起去吧', '2026-04-28 10:45:00'),
(2, 14, '岁月静好，现世安稳。写得真好', '2026-04-28 11:00:00'),
(2, 7, '樱花树下读书，太有意境了', '2026-04-28 11:20:00'),
(2, 13, '想画下来！', '2026-04-28 11:30:00'),
(2, 9, '下次叫我，我带相机去拍！', '2026-04-28 11:45:00'),
(3, 1, '经典错误哈哈哈，我上次也是', '2026-04-28 15:45:00'),
(3, 15, '分号：你们就是离不开我', '2026-04-28 16:00:00'),
(3, 12, 'JavaScript的锅，不是你的问题', '2026-04-28 16:15:00'),
(3, 7, '建议用TypeScript，能少很多这种问题', '2026-04-28 16:30:00'),
(3, 2, '程序员的日常就是和标点符号作斗争', '2026-04-28 17:00:00'),
(4, 1, '在哪家店！求地址', '2026-04-28 19:00:00'),
(4, 15, '深夜放毒！我现在好饿', '2026-04-28 19:15:00'),
(4, 8, '后街那家是不是叫"柳州记"？超好吃的', '2026-04-28 19:30:00'),
(4, 10, '螺蛳粉热量不低哦，吃完记得运动', '2026-04-28 19:45:00'),
(5, 2, '好有诗意的描述，想去了', '2026-04-29 09:30:00'),
(5, 9, '西塘的清晨确实美，我去年拍过一组照片', '2026-04-29 09:45:00'),
(5, 4, '古镇的美食也很棒！推荐管老太臭豆腐', '2026-04-29 10:00:00'),
(5, 13, '烟雨江南，水墨画一样', '2026-04-29 10:15:00'),
(5, 14, '一个人去的吗？好勇敢', '2026-04-29 10:30:00'),
(6, 2, '戴上耳机世界就安静了，懂你', '2026-04-29 22:30:00'),
(6, 15, '深夜听歌党报到', '2026-04-29 22:45:00'),
(6, 8, '这首歌我也超喜欢！', '2026-04-29 23:00:00'),
(7, 2, '马尔克斯是真的天才，魔幻现实主义的巅峰', '2026-04-29 15:00:00'),
(7, 14, '这本书我读了三遍，每次都有新感受', '2026-04-29 15:20:00'),
(7, 1, '一直想读但是怕读不下去，难吗？', '2026-04-29 15:40:00'),
(7, 13, '开头那句真的是神来之笔', '2026-04-29 16:00:00'),
(8, 1, '哈哈哈风筝挂树上这个画面太好笑了', '2026-04-30 16:20:00'),
(8, 11, '快乐就是这么简单！', '2026-04-30 16:30:00'),
(8, 2, '青春就该这样肆意啊', '2026-04-30 16:45:00'),
(8, 6, '下次叫上我！我也想放风筝', '2026-04-30 17:00:00'),
(8, 3, '你们是怎么把风筝挂上去的，这也是种技术', '2026-04-30 17:15:00');

INSERT INTO comments (post_id, user_id, content, created_at) VALUES
(9, 2, '这也太美了吧！在哪里拍的', '2026-04-30 18:45:00'),
(9, 5, '大自然就是最好的画家', '2026-04-30 19:00:00'),
(9, 13, '橘粉色的晚霞，想用水彩画下来', '2026-04-30 19:15:00'),
(9, 6, '看到这种天空心情就会变好', '2026-04-30 19:30:00'),
(10, 1, '30天！太厉害了，我跑三天就放弃了', '2026-05-01 07:00:00'),
(10, 8, '自律的人真的好帅', '2026-05-01 07:15:00'),
(10, 4, '跑完步吃顿好的犒劳自己吧', '2026-05-01 07:30:00'),
(10, 3, '我也想开始跑步，有什么建议吗？', '2026-05-01 07:45:00'),
(11, 8, '哈哈哈哈橘猫果然都是干饭王', '2026-05-01 12:15:00'),
(11, 2, '那个无辜的眼神我能想象到😂', '2026-05-01 12:20:00'),
(11, 13, '橘猫：这是我应得的', '2026-05-01 12:30:00'),
(11, 1, '十个橘猫九个胖，还有一个特别胖', '2026-05-01 12:45:00'),
(11, 6, '我家猫也这样！偷吃还理直气壮', '2026-05-01 13:00:00'),
(11, 15, '猫：你的就是我的，我的还是我的', '2026-05-01 13:15:00'),
(11, 4, '鸡腿都保不住，建议上锁', '2026-05-01 13:30:00'),
(12, 3, '恭喜恭喜！上王者确实值得庆祝', '2026-05-01 08:00:00'),
(12, 1, '室友表示已经原谅你了吗哈哈', '2026-05-01 08:30:00'),
(12, 12, '下次带我一起打！', '2026-05-01 09:00:00'),
(13, 8, '好治愈啊，想看成品！', '2026-05-01 16:00:00'),
(13, 2, '画画的人都好有耐心', '2026-05-01 16:15:00'),
(13, 9, '水彩的晕染效果确实很美', '2026-05-01 16:30:00'),
(14, 7, '明前龙井确实是好茶，今年的新茶我也入了一些', '2026-05-01 21:15:00'),
(14, 2, '喝茶的人都好有生活品味', '2026-05-01 21:30:00'),
(15, 2, '凌晨的便利店有种特别的温暖', '2026-05-01 02:15:00'),
(15, 6, '深夜的咖啡和孤独更配哦', '2026-05-01 02:20:00'),
(15, 3, '同是夜猫子，握个手', '2026-05-01 02:30:00'),
(15, 7, '夜晚让人更容易思考人生', '2026-05-01 02:45:00'),
(15, 11, '我家猫也陪我熬夜，不孤单', '2026-05-01 03:00:00'),
(16, 3, '图书馆占座是大学生的必修课', '2026-05-02 08:00:00'),
(16, 8, '七点去都没位置？？我明天六点去', '2026-05-02 08:15:00'),
(16, 2, '有插座的位置就是VIP席', '2026-05-02 08:30:00'),
(17, 8, '写得好美！最后两句好温柔', '2026-05-02 23:30:00'),
(17, 14, '诗人本人了，好有才华', '2026-05-02 23:35:00'),
(17, 6, '星星和远方的人，都在的', '2026-05-02 23:40:00'),
(17, 13, '想配一幅画', '2026-05-02 23:45:00'),
(17, 1, '文艺青年实锤了', '2026-05-02 23:50:00'),
(17, 15, '深夜读到这首诗，突然有点想家', '2026-05-03 00:00:00'),
(18, 1, '连接池的坑我也踩过，默认10个真的不够用', '2026-05-02 17:30:00'),
(18, 15, '程序员的快乐就是Bug终于解决的那一刻', '2026-05-02 17:45:00'),
(18, 12, '记笔记了记笔记了', '2026-05-02 18:00:00'),
(18, 2, '虽然看不懂但是感觉很厉害的样子', '2026-05-02 18:15:00'),
(19, 1, '自己做的就是好吃！看着就流口水', '2026-05-02 19:45:00'),
(19, 8, '三个小时的叉烧！这也太有耐心了', '2026-05-02 20:00:00'),
(19, 15, '深夜放毒，已举报（开玩笑的', '2026-05-02 20:15:00'),
(19, 10, '偶尔放纵一下也没关系啦', '2026-05-02 20:30:00'),
(19, 11, '教程呢！我也想学', '2026-05-02 20:45:00'),
(20, 1, '蓝眼泪！！我一直想去看', '2026-05-03 10:15:00'),
(20, 8, '太梦幻了吧，什么时候去最好？', '2026-05-03 10:30:00'),
(20, 2, '少年派那个画面我知道！真的像', '2026-05-03 10:45:00'),
(20, 6, '大自然的浪漫', '2026-05-03 11:00:00');

INSERT INTO comments (post_id, user_id, content, created_at) VALUES
(20, 13, '好想画下来这个场景', '2026-05-03 11:15:00'),
(20, 14, '收藏了，下次去福建一定要去看', '2026-05-03 11:30:00'),
(26, 8, '哈哈哈猫就是这样，只爱盒子', '2026-05-04 14:30:00'),
(26, 2, '88块的逗猫棒不如一个纸箱😂', '2026-05-04 14:35:00'),
(26, 13, '我家猫也是，玩具不要只要盒子', '2026-05-04 14:40:00'),
(26, 15, '猫的快乐就是这么朴素', '2026-05-04 14:50:00'),
(33, 1, '这个插件确实好用！强烈推荐', '2026-05-05 11:10:00'),
(33, 15, '程序员的效率工具分享太有用了', '2026-05-05 11:20:00'),
(33, 12, '已安装，感谢推荐', '2026-05-05 11:30:00'),
(33, 7, '还有什么好用的插件推荐吗？', '2026-05-05 11:40:00'),
(35, 5, '西藏真的值得去！记得带好防晒', '2026-05-06 15:10:00'),
(35, 9, '大理的照片能分享一下吗？', '2026-05-06 15:20:00'),
(35, 2, '好羡慕能到处旅行的人', '2026-05-06 15:30:00'),
(37, 8, '高冷猫突然黏人的时候最可爱了', '2026-05-06 21:10:00'),
(37, 13, '猫：今天心情好，赏你一个拥抱', '2026-05-06 21:20:00'),
(37, 1, '被猫选中的感觉太幸福了', '2026-05-06 21:30:00'),
(40, 2, '毕业快乐！四年真的好快', '2026-05-07 11:45:00'),
(40, 3, '看到你们的照片我也想拍了', '2026-05-07 12:00:00'),
(40, 6, '青春无敌！要永远这么开心', '2026-05-07 12:15:00'),
(40, 11, '好羡慕你们的友情', '2026-05-07 12:30:00'),
(40, 14, '毕业不是结束，是新的开始', '2026-05-07 12:45:00'),
(40, 5, '以后要常联系呀', '2026-05-07 13:00:00');

-- ============ 点赞数据 ============
INSERT INTO likes (post_id, user_id, created_at) VALUES
(2,1,'2026-04-28 10:25:00'),(2,3,'2026-04-28 10:30:00'),(2,4,'2026-04-28 10:35:00'),
(2,5,'2026-04-28 11:00:00'),(2,6,'2026-04-28 11:10:00'),(2,7,'2026-04-28 11:20:00'),
(2,8,'2026-04-28 11:30:00'),(2,9,'2026-04-28 11:40:00'),(2,10,'2026-04-28 12:00:00'),
(2,11,'2026-04-28 12:10:00'),(2,12,'2026-04-28 12:20:00'),(2,13,'2026-04-28 12:30:00'),
(2,14,'2026-04-28 13:00:00'),(2,15,'2026-04-28 13:10:00'),
(1,2,'2026-04-28 09:00:00'),(1,3,'2026-04-28 09:10:00'),(1,8,'2026-04-28 09:20:00'),
(1,11,'2026-04-28 09:30:00'),(1,15,'2026-04-28 09:40:00'),
(3,1,'2026-04-28 15:35:00'),(3,2,'2026-04-28 15:40:00'),(3,4,'2026-04-28 15:45:00'),
(3,8,'2026-04-28 16:00:00'),(3,11,'2026-04-28 16:10:00'),(3,15,'2026-04-28 16:20:00'),
(4,1,'2026-04-28 18:45:00'),(4,2,'2026-04-28 18:50:00'),(4,8,'2026-04-28 19:00:00'),
(4,10,'2026-04-28 19:10:00'),(4,15,'2026-04-28 19:20:00'),
(5,1,'2026-04-29 09:10:00'),(5,2,'2026-04-29 09:20:00'),(5,3,'2026-04-29 09:30:00'),
(5,6,'2026-04-29 09:40:00'),(5,8,'2026-04-29 09:50:00'),(5,9,'2026-04-29 10:00:00'),
(5,11,'2026-04-29 10:10:00'),(5,13,'2026-04-29 10:20:00'),(5,14,'2026-04-29 10:30:00'),
(6,1,'2026-04-29 22:15:00'),(6,2,'2026-04-29 22:20:00'),(6,8,'2026-04-29 22:25:00'),
(6,14,'2026-04-29 22:30:00'),(6,15,'2026-04-29 22:35:00'),
(9,1,'2026-04-30 18:35:00'),(9,2,'2026-04-30 18:40:00'),(9,4,'2026-04-30 18:45:00'),
(9,5,'2026-04-30 18:50:00'),(9,6,'2026-04-30 19:00:00'),(9,7,'2026-04-30 19:10:00'),
(9,10,'2026-04-30 19:20:00'),(9,11,'2026-04-30 19:30:00'),(9,13,'2026-04-30 19:40:00'),
(9,14,'2026-04-30 19:50:00'),(9,15,'2026-04-30 20:00:00');

INSERT INTO likes (post_id, user_id, created_at) VALUES
(11,1,'2026-05-01 12:05:00'),(11,2,'2026-05-01 12:10:00'),(11,3,'2026-05-01 12:15:00'),
(11,4,'2026-05-01 12:20:00'),(11,5,'2026-05-01 12:25:00'),(11,6,'2026-05-01 12:30:00'),
(11,7,'2026-05-01 12:35:00'),(11,8,'2026-05-01 12:40:00'),(11,9,'2026-05-01 12:45:00'),
(11,12,'2026-05-01 12:50:00'),(11,13,'2026-05-01 12:55:00'),(11,14,'2026-05-01 13:00:00'),
(11,15,'2026-05-01 13:05:00'),
(10,1,'2026-05-01 06:35:00'),(10,2,'2026-05-01 06:40:00'),(10,4,'2026-05-01 06:45:00'),
(10,8,'2026-05-01 06:50:00'),(10,11,'2026-05-01 06:55:00'),
(12,1,'2026-05-01 03:25:00'),(12,3,'2026-05-01 08:00:00'),(12,8,'2026-05-01 08:30:00'),
(15,2,'2026-05-01 02:05:00'),(15,3,'2026-05-01 02:10:00'),(15,6,'2026-05-01 02:15:00'),
(15,7,'2026-05-01 02:20:00'),(15,11,'2026-05-01 02:25:00'),
(17,1,'2026-05-02 23:20:00'),(17,3,'2026-05-02 23:25:00'),(17,4,'2026-05-02 23:30:00'),
(17,5,'2026-05-02 23:35:00'),(17,6,'2026-05-02 23:40:00'),(17,7,'2026-05-02 23:45:00'),
(17,8,'2026-05-02 23:50:00'),(17,9,'2026-05-02 23:55:00'),(17,10,'2026-05-03 00:00:00'),
(17,11,'2026-05-03 00:05:00'),(17,13,'2026-05-03 00:10:00'),(17,14,'2026-05-03 00:15:00'),
(17,15,'2026-05-03 00:20:00'),
(19,1,'2026-05-02 19:35:00'),(19,2,'2026-05-02 19:40:00'),(19,8,'2026-05-02 19:45:00'),
(19,10,'2026-05-02 19:50:00'),(19,11,'2026-05-02 19:55:00'),(19,15,'2026-05-02 20:00:00'),
(20,1,'2026-05-03 10:05:00'),(20,2,'2026-05-03 10:10:00'),(20,3,'2026-05-03 10:15:00'),
(20,4,'2026-05-03 10:20:00'),(20,6,'2026-05-03 10:25:00'),(20,7,'2026-05-03 10:30:00'),
(20,8,'2026-05-03 10:35:00'),(20,9,'2026-05-03 10:40:00'),(20,10,'2026-05-03 10:45:00'),
(20,11,'2026-05-03 10:50:00'),(20,13,'2026-05-03 10:55:00'),(20,14,'2026-05-03 11:00:00'),
(20,15,'2026-05-03 11:05:00'),
(26,1,'2026-05-04 14:25:00'),(26,2,'2026-05-04 14:30:00'),(26,4,'2026-05-04 14:35:00'),
(26,6,'2026-05-04 14:40:00'),(26,8,'2026-05-04 14:45:00'),(26,13,'2026-05-04 14:50:00'),
(26,14,'2026-05-04 14:55:00'),(26,15,'2026-05-04 15:00:00'),
(33,1,'2026-05-05 11:05:00'),(33,2,'2026-05-05 11:10:00'),(33,4,'2026-05-05 11:15:00'),
(33,6,'2026-05-05 11:20:00'),(33,7,'2026-05-05 11:25:00'),(33,8,'2026-05-05 11:30:00'),
(33,11,'2026-05-05 11:35:00'),(33,12,'2026-05-05 11:40:00'),(33,15,'2026-05-05 11:45:00'),
(40,1,'2026-05-07 11:35:00'),(40,2,'2026-05-07 11:40:00'),(40,3,'2026-05-07 11:45:00'),
(40,4,'2026-05-07 11:50:00'),(40,5,'2026-05-07 11:55:00'),(40,6,'2026-05-07 12:00:00'),
(40,7,'2026-05-07 12:05:00'),(40,9,'2026-05-07 12:10:00'),(40,10,'2026-05-07 12:15:00'),
(40,11,'2026-05-07 12:20:00'),(40,12,'2026-05-07 12:25:00'),(40,13,'2026-05-07 12:30:00'),
(40,14,'2026-05-07 12:35:00'),(40,15,'2026-05-07 12:40:00');

-- ============ 重新计算 comment_count 和 like_count ============
UPDATE posts p SET comment_count = (SELECT COUNT(*) FROM comments c WHERE c.post_id = p.id);
UPDATE posts p SET like_count = (SELECT COUNT(*) FROM likes l WHERE l.post_id = p.id);

-- ============ 频道帖子 (id: 41-58) ============
INSERT INTO posts (id, user_id, content, images, like_count, comment_count, created_at) VALUES
(41, 5, '五一去了趟敦煌，莫高窟的壁画真的震撼到说不出话。千年前的色彩依然鲜艳，站在洞窟里感觉时间都静止了 #文旅# #旅行日记#', '["/api/placeholder/800x600?seed=74&text=敦煌","/api/placeholder/800x600?seed=75&text=莫高窟"]', 0, 0, '2026-05-07 14:00:00'),
(42, 9, '周末自驾去了婺源，油菜花田配白墙黛瓦的徽派建筑，随手一拍都是明信片。推荐篁岭晒秋，虽然不是秋天但古村落本身就很美 #文旅#', '["/api/placeholder/800x600?seed=76&text=婺源","/api/placeholder/800x600?seed=77&text=徽派建筑"]', 0, 0, '2026-05-07 16:30:00'),
(43, 2, '在凤凰古城的沱江边坐了一下午，看吊脚楼的倒影在水面晃动。傍晚灯笼亮起来的时候，整条街都是暖黄色的光 #文旅#', '["/api/placeholder/800x600?seed=78&text=凤凰古城","/api/placeholder/800x600?seed=79&text=吊脚楼"]', 0, 0, '2026-05-08 09:20:00'),
(44, 14, '去了趟苏州拙政园，才真正理解什么叫"虽由人作，宛自天开"。移步换景，每个角度都是一幅画 #文旅#', '["/api/placeholder/800x600?seed=80&text=拙政园","/api/placeholder/800x600?seed=81&text=苏州园林"]', 0, 0, '2026-05-08 11:00:00'),
(45, 8, '第一次去故宫！比想象中大太多了，走了两万步才逛了一半。最喜欢御花园，古树参天特别有意境 #文旅#', '["/api/placeholder/800x600?seed=82&text=故宫","/api/placeholder/800x600?seed=83&text=御花园"]', 0, 0, '2026-05-08 15:40:00'),
(46, 5, '丽江束河古镇比大研古城安静很多，适合发呆。在客栈天台上看玉龙雪山，喝一杯普洱，人生圆满了 #文旅#', '["/api/placeholder/800x600?seed=84&text=束河古镇","/api/placeholder/800x600?seed=41&text=丽江"]', 0, 0, '2026-05-08 18:00:00');

INSERT INTO posts (id, user_id, content, images, like_count, comment_count, created_at) VALUES
(47, 4, '今天尝试做了一顿完整的早餐：手冲咖啡+牛油果吐司+煎蛋。摆盘拍照花了比做饭还长的时间哈哈 #生活# 仪式感满满', '["/api/placeholder/800x600?seed=85&text=早餐","/api/placeholder/800x600?seed=86&text=咖啡"]', 0, 0, '2026-05-07 08:30:00'),
(48, 8, '周末大扫除，把房间收拾得干干净净，换了新床单，点了香薰蜡烛。整个人都舒服了~ #生活# #今日份快乐#', '["/api/placeholder/800x600?seed=87&text=居家","/api/placeholder/800x600?seed=88&text=收纳"]', 0, 0, '2026-05-07 15:00:00'),
(49, 11, '今天带猫去打疫苗了，在医院哭得撕心裂肺的😂 回来之后赏了它一整罐猫罐头作为补偿 #生活# #萌宠日常#', '["/api/placeholder/800x600?seed=14&text=橘猫"]', 0, 0, '2026-05-08 10:30:00'),
(50, 2, '学会了一个新技能：自己换水龙头！看了三遍教程终于搞定了，虽然过程中水溅了一脸😂 独居生活逼人成长 #生活#', '["/api/placeholder/800x600?seed=89&text=DIY"]', 0, 0, '2026-05-08 14:20:00'),
(51, 10, '分享我的晨间routine：5:30起床→冥想10分钟→晨跑5km→冷水澡→健康早餐。坚持半年了，精神状态完全不一样 #生活# #健身打卡#', '["/api/placeholder/800x600?seed=13&text=跑步","/api/placeholder/800x600?seed=90&text=晨间"]', 0, 0, '2026-05-09 06:00:00'),
(52, 13, '搬进新租的房子第一件事就是布置工作台。淘了一盏复古台灯，摆上画笔和多肉，属于自己的小角落就有了 #生活#', '["/api/placeholder/800x600?seed=91&text=工作台","/api/placeholder/800x600?seed=92&text=布置"]', 0, 0, '2026-05-09 11:00:00');

INSERT INTO posts (id, user_id, content, images, like_count, comment_count, created_at) VALUES
(53, 1, '今天校园里来了流浪猫救助的志愿者，帮忙做了一下午的TNR登记。小生命也值得被温柔对待 #社会# #萌宠日常#', '["/api/placeholder/800x600?seed=93&text=志愿者","/api/placeholder/800x600?seed=64&text=小狗"]', 0, 0, '2026-05-07 17:00:00'),
(54, 3, '看到一个新闻：00后程序员开源了一个无障碍阅读工具，帮助视障人士上网。技术最美的样子就是让世界更平等 #社会# #程序员日常#', '["/api/placeholder/800x600?seed=94&text=无障碍","/api/placeholder/800x600?seed=53&text=开发"]', 0, 0, '2026-05-08 09:00:00'),
(55, 7, '今天参加了社区图书漂流活动，把读过的5本书放到漂流站，换回了3本新书。知识流动起来才有价值 #社会# #读书笔记#', '["/api/placeholder/800x600?seed=95&text=图书漂流","/api/placeholder/800x600?seed=59&text=书架"]', 0, 0, '2026-05-08 14:00:00'),
(56, 9, '用相机记录了社区里独居老人的日常，他们的故事比任何电影都动人。准备做成一组纪实摄影展 #社会#', '["/api/placeholder/800x600?seed=96&text=纪实","/api/placeholder/800x600?seed=97&text=社区"]', 0, 0, '2026-05-09 10:00:00'),
(57, 6, '学校组织了一场公益音乐会，所有门票收入捐给山区小学。音乐不只是娱乐，也可以是温暖的力量 #社会# #音乐分享#', '["/api/placeholder/800x600?seed=98&text=公益","/api/placeholder/800x600?seed=99&text=音乐会"]', 0, 0, '2026-05-09 20:00:00'),
(58, 14, '参加了河边的净滩活动，两小时捡了三大袋垃圾。累但值得，希望更多人关注环保 #社会#', '["/api/placeholder/800x600?seed=100&text=环保","/api/placeholder/800x600?seed=101&text=净滩"]', 0, 0, '2026-05-09 16:30:00');

-- ============ 频道帖子的话题数据 ============
INSERT INTO topics (id, name, post_count, created_at) VALUES
(11, '文旅', 0, '2026-05-07 14:00:00'),
(12, '生活', 0, '2026-05-07 08:30:00'),
(13, '社会', 0, '2026-05-07 17:00:00');

-- ============ 重新计算话题 post_count ============
UPDATE topics SET post_count = (SELECT COUNT(*) FROM posts WHERE content LIKE CONCAT('%#', topics.name, '#%'));

-- ============ 通知数据 ============
INSERT INTO notifications (user_id, from_user_id, type, post_id, content, is_read, created_at) VALUES
(2, 1, 'like', 2, NULL, 1, '2026-04-28 10:25:00'),
(2, 8, 'comment', 2, '好美啊！明天约着一起去吧', 1, '2026-04-28 10:45:00'),
(3, 1, 'comment', 3, '经典错误哈哈哈，我上次也是', 1, '2026-04-28 15:45:00'),
(3, 15, 'comment', 3, '分号：你们就是离不开我', 1, '2026-04-28 16:00:00'),
(5, 2, 'comment', 5, '好有诗意的描述，想去了', 1, '2026-04-29 09:30:00'),
(5, 9, 'comment', 5, '西塘的清晨确实美，我去年拍过一组照片', 1, '2026-04-29 09:45:00'),
(11, 8, 'comment', 11, '哈哈哈哈橘猫果然都是干饭王', 0, '2026-05-01 12:15:00'),
(11, 2, 'like', 11, NULL, 0, '2026-05-01 12:10:00'),
(11, 13, 'comment', 11, '橘猫：这是我应得的', 0, '2026-05-01 12:30:00'),
(8, 1, 'comment', 8, '哈哈哈风筝挂树上这个画面太好笑了', 0, '2026-04-30 16:20:00'),
(8, 11, 'like', 8, NULL, 0, '2026-04-30 16:30:00'),
(2, 8, 'like', 17, NULL, 0, '2026-05-02 23:50:00'),
(2, 14, 'comment', 17, '诗人本人了，好有才华', 0, '2026-05-02 23:35:00'),
(2, 6, 'comment', 17, '星星和远方的人，都在的', 0, '2026-05-02 23:40:00'),
(5, 1, 'like', 20, NULL, 0, '2026-05-03 10:05:00'),
(5, 8, 'comment', 20, '太梦幻了吧，什么时候去最好？', 0, '2026-05-03 10:30:00'),
(5, 13, 'comment', 20, '好想画下来这个场景', 0, '2026-05-03 11:15:00'),
(8, 2, 'comment', 40, '毕业快乐！四年真的好快', 0, '2026-05-07 11:45:00'),
(8, 6, 'comment', 40, '青春无敌！要永远这么开心', 0, '2026-05-07 12:15:00'),
(8, 14, 'comment', 40, '毕业不是结束，是新的开始', 0, '2026-05-07 12:45:00'),
(3, 1, 'like', 33, NULL, 0, '2026-05-05 11:05:00'),
(3, 2, 'like', 33, NULL, 0, '2026-05-05 11:10:00'),
(4, 1, 'comment', 19, '自己做的就是好吃！看着就流口水', 0, '2026-05-02 19:45:00'),
(4, 15, 'comment', 19, '深夜放毒，已举报（开玩笑的', 0, '2026-05-02 20:15:00'),
(1, 2, 'like', 1, NULL, 1, '2026-04-28 09:00:00'),
(1, 3, 'like', 1, NULL, 1, '2026-04-28 09:10:00'),
(1, 8, 'comment', 1, '开学第一天的传统艺能了属于是😂', 0, '2026-04-28 09:15:00'),
(9, 2, 'comment', 9, '这也太美了吧！在哪里拍的', 0, '2026-04-30 18:45:00'),
(9, 13, 'comment', 9, '橘粉色的晚霞，想用水彩画下来', 0, '2026-04-30 19:15:00');

